IP,Host
142.251.209.1,mil04s50-in-f1.1e100.net.
142.251.209.2,mil04s50-in-f2.1e100.net.
142.251.209.3,mil04s50-in-f3.1e100.net.
142.251.209.4,mil04s50-in-f4.1e100.net.
142.251.209.5,mil04s50-in-f5.1e100.net.
142.251.209.6,mil04s50-in-f6.1e100.net.
142.251.209.7,mil04s50-in-f7.1e100.net.
142.251.209.8,mil04s50-in-f8.1e100.net.
142.251.209.9,mil04s50-in-f9.1e100.net.
142.251.209.10,mil04s50-in-f10.1e100.net.
142.251.209.11,mil04s50-in-f11.1e100.net.
142.251.209.12,mil04s50-in-f12.1e100.net.
142.251.209.13,mil04s50-in-f13.1e100.net.
142.251.209.14,mil04s50-in-f14.1e100.net.
142.251.209.15,mil04s50-in-f15.1e100.net.
142.251.209.16,mil04s50-in-f16.1e100.net.
142.251.209.17,mil04s50-in-f17.1e100.net.
142.251.209.18,mil04s50-in-f18.1e100.net.
142.251.209.19,mil04s50-in-f19.1e100.net.
142.251.209.20,mil04s50-in-f20.1e100.net.
142.251.209.21,mil04s50-in-f21.1e100.net.
142.251.209.22,mil04s50-in-f22.1e100.net.
142.251.209.23,mil04s50-in-f23.1e100.net.
142.251.209.24,mil04s50-in-f24.1e100.net.
142.251.209.25,mil04s50-in-f25.1e100.net.
142.251.209.26,mil04s50-in-f26.1e100.net.
142.251.209.27,mil04s50-in-f27.1e100.net.
142.251.209.28,mil04s50-in-f28.1e100.net.
142.251.209.29,mil04s50-in-f29.1e100.net.
142.251.209.30,mil04s50-in-f30.1e100.net.
142.251.209.31,mil04s50-in-f31.1e100.net.
142.251.209.32,mil04s51-in-f0.1e100.net.
142.251.209.33,mil04s51-in-f1.1e100.net.
142.251.209.34,mil04s51-in-f2.1e100.net.
142.251.209.35,mil04s51-in-f3.1e100.net.
142.251.209.36,mil04s51-in-f4.1e100.net.
142.251.209.37,mil04s51-in-f5.1e100.net.
142.251.209.38,mil04s51-in-f6.1e100.net.
142.251.209.39,mil04s51-in-f7.1e100.net.
142.251.209.40,mil04s51-in-f8.1e100.net.
142.251.209.41,mil04s51-in-f9.1e100.net.
142.251.209.42,mil04s51-in-f10.1e100.net.
142.251.209.43,mil04s51-in-f11.1e100.net.
142.251.209.44,mil04s51-in-f12.1e100.net.
142.251.209.45,mil04s51-in-f13.1e100.net.
142.251.209.46,mil04s51-in-f14.1e100.net.
142.251.209.47,mil04s51-in-f15.1e100.net.
142.251.209.48,mil04s51-in-f16.1e100.net.
142.251.209.49,mil04s51-in-f17.1e100.net.
142.251.209.50,mil04s51-in-f18.1e100.net.
142.251.209.51,mil04s51-in-f19.1e100.net.
142.251.209.52,mil04s51-in-f20.1e100.net.
142.251.209.53,mil04s51-in-f21.1e100.net.
142.251.209.54,mil04s51-in-f22.1e100.net.
142.251.209.55,mil04s51-in-f23.1e100.net.
142.251.209.56,mil04s51-in-f24.1e100.net.
142.251.209.57,mil04s51-in-f25.1e100.net.
142.251.209.58,mil04s51-in-f26.1e100.net.
142.251.209.59,mil04s51-in-f27.1e100.net.
142.251.209.60,mil04s51-in-f28.1e100.net.
142.251.209.61,mil04s51-in-f29.1e100.net.
142.251.209.62,mil04s51-in-f30.1e100.net.
142.251.209.63,mil04s51-in-f31.1e100.net.
142.251.209.128,ham11s07-in-f0.1e100.net.
142.251.209.129,ham11s07-in-f1.1e100.net.
142.251.209.130,ham11s07-in-f2.1e100.net.
142.251.209.131,ham11s07-in-f3.1e100.net.
142.251.209.132,ham11s07-in-f4.1e100.net.
142.251.209.133,ham11s07-in-f5.1e100.net.
142.251.209.134,ham11s07-in-f6.1e100.net.
142.251.209.135,ham11s07-in-f7.1e100.net.
142.251.209.136,ham11s07-in-f8.1e100.net.
142.251.209.137,ham11s07-in-f9.1e100.net.
142.251.209.138,ham11s07-in-f10.1e100.net.
142.251.209.139,ham11s07-in-f11.1e100.net.
142.251.209.140,ham11s07-in-f12.1e100.net.
142.251.209.141,ham11s07-in-f13.1e100.net.
142.251.209.142,ham11s07-in-f14.1e100.net.
142.251.209.143,ham11s07-in-f15.1e100.net.
142.251.209.144,ham11s07-in-f16.1e100.net.
142.251.209.145,ham11s07-in-f17.1e100.net.
142.251.209.146,ham11s07-in-f18.1e100.net.
142.251.209.147,ham11s07-in-f19.1e100.net.
142.251.209.148,ham11s07-in-f20.1e100.net.
142.251.209.149,ham11s07-in-f21.1e100.net.
142.251.209.150,ham11s07-in-f22.1e100.net.
142.251.209.151,ham11s07-in-f23.1e100.net.
142.251.209.152,ham11s07-in-f24.1e100.net.
142.251.209.153,ham11s07-in-f25.1e100.net.
142.251.209.154,ham11s07-in-f26.1e100.net.
142.251.209.155,ham11s07-in-f27.1e100.net.
142.251.209.156,ham11s07-in-f28.1e100.net.
142.251.209.157,ham11s07-in-f29.1e100.net.
142.251.209.158,ham11s07-in-f30.1e100.net.
142.251.209.159,ham11s07-in-f31.1e100.net.
142.251.209.224,bru02s01-in-f0.1e100.net.
142.251.209.225,bru02s01-in-f1.1e100.net.
142.251.209.226,bru02s01-in-f2.1e100.net.
142.251.209.227,bru02s01-in-f3.1e100.net.
142.251.209.228,bru02s01-in-f4.1e100.net.
142.251.209.229,bru02s01-in-f5.1e100.net.
142.251.209.230,bru02s01-in-f6.1e100.net.
142.251.209.231,bru02s01-in-f7.1e100.net.
142.251.209.232,bru02s01-in-f8.1e100.net.
142.251.209.233,bru02s01-in-f9.1e100.net.
142.251.209.234,bru02s01-in-f10.1e100.net.
142.251.209.235,bru02s01-in-f11.1e100.net.
142.251.209.236,bru02s01-in-f12.1e100.net.
142.251.209.237,bru02s01-in-f13.1e100.net.
142.251.209.238,bru02s01-in-f14.1e100.net.
142.251.209.239,bru02s01-in-f15.1e100.net.
142.251.209.240,bru02s01-in-f16.1e100.net.
142.251.209.241,bru02s01-in-f17.1e100.net.
142.251.209.242,bru02s01-in-f18.1e100.net.
142.251.209.243,bru02s01-in-f19.1e100.net.
142.251.209.244,bru02s01-in-f20.1e100.net.
142.251.209.245,bru02s01-in-f21.1e100.net.
142.251.209.246,bru02s01-in-f22.1e100.net.
142.251.209.247,bru02s01-in-f23.1e100.net.
142.251.209.248,bru02s01-in-f24.1e100.net.
142.251.209.249,bru02s01-in-f25.1e100.net.
142.251.209.250,bru02s01-in-f26.1e100.net.
142.251.209.251,bru02s01-in-f27.1e100.net.
142.251.209.252,bru02s01-in-f28.1e100.net.
142.251.209.253,bru02s01-in-f29.1e100.net.
142.251.209.254,bru02s01-in-f30.1e100.net.
142.251.209.255,bru02s01-in-f31.1e100.net.
142.251.210.224,iad23s32-in-f0.1e100.net.
142.251.210.225,iad23s32-in-f1.1e100.net.
142.251.210.226,iad23s32-in-f2.1e100.net.
142.251.210.227,iad23s32-in-f3.1e100.net.
142.251.210.228,iad23s32-in-f4.1e100.net.
142.251.210.229,iad23s32-in-f5.1e100.net.
142.251.210.230,iad23s32-in-f6.1e100.net.
142.251.210.231,iad23s32-in-f7.1e100.net.
142.251.210.232,iad23s32-in-f8.1e100.net.
142.251.210.233,iad23s32-in-f9.1e100.net.
142.251.210.234,iad23s32-in-f10.1e100.net.
142.251.210.235,iad23s32-in-f11.1e100.net.
142.251.210.236,iad23s32-in-f12.1e100.net.
142.251.210.237,iad23s32-in-f13.1e100.net.
142.251.210.238,iad23s32-in-f14.1e100.net.
142.251.210.239,iad23s32-in-f15.1e100.net.
142.251.210.240,iad23s32-in-f16.1e100.net.
142.251.210.241,iad23s32-in-f17.1e100.net.
142.251.210.242,iad23s32-in-f18.1e100.net.
142.251.210.243,iad23s32-in-f19.1e100.net.
142.251.210.244,iad23s32-in-f20.1e100.net.
142.251.210.245,iad23s32-in-f21.1e100.net.
142.251.210.246,iad23s32-in-f22.1e100.net.
142.251.210.247,iad23s32-in-f23.1e100.net.
142.251.210.248,iad23s32-in-f24.1e100.net.
142.251.210.249,iad23s32-in-f25.1e100.net.
142.251.210.250,iad23s32-in-f26.1e100.net.
142.251.210.251,iad23s32-in-f27.1e100.net.
142.251.210.252,iad23s32-in-f28.1e100.net.
142.251.210.253,iad23s32-in-f29.1e100.net.
142.251.210.254,iad23s32-in-f30.1e100.net.
142.251.210.255,iad23s32-in-f31.1e100.net.
142.251.211.1,iad23s33-in-f1.1e100.net.
142.251.211.2,iad23s33-in-f2.1e100.net.
142.251.211.3,iad23s33-in-f3.1e100.net.
142.251.211.4,iad23s33-in-f4.1e100.net.
142.251.211.5,iad23s33-in-f5.1e100.net.
142.251.211.6,iad23s33-in-f6.1e100.net.
142.251.211.7,iad23s33-in-f7.1e100.net.
142.251.211.8,iad23s33-in-f8.1e100.net.
142.251.211.9,iad23s33-in-f9.1e100.net.
142.251.211.10,iad23s33-in-f10.1e100.net.
142.251.211.11,iad23s33-in-f11.1e100.net.
142.251.211.12,iad23s33-in-f12.1e100.net.
142.251.211.13,iad23s33-in-f13.1e100.net.
142.251.211.14,iad23s33-in-f14.1e100.net.
142.251.211.15,iad23s33-in-f15.1e100.net.
142.251.211.16,iad23s33-in-f16.1e100.net.
142.251.211.17,iad23s33-in-f17.1e100.net.
142.251.211.18,iad23s33-in-f18.1e100.net.
142.251.211.19,iad23s33-in-f19.1e100.net.
142.251.211.20,iad23s33-in-f20.1e100.net.
142.251.211.21,iad23s33-in-f21.1e100.net.
142.251.211.22,iad23s33-in-f22.1e100.net.
142.251.211.23,iad23s33-in-f23.1e100.net.
142.251.211.24,iad23s33-in-f24.1e100.net.
142.251.211.25,iad23s33-in-f25.1e100.net.
142.251.211.26,iad23s33-in-f26.1e100.net.
142.251.211.27,iad23s33-in-f27.1e100.net.
142.251.211.28,iad23s33-in-f28.1e100.net.
142.251.211.29,iad23s33-in-f29.1e100.net.
142.251.211.30,iad23s33-in-f30.1e100.net.
142.251.211.31,iad23s33-in-f31.1e100.net.
142.251.211.32,iad23s34-in-f0.1e100.net.
142.251.211.33,iad23s34-in-f1.1e100.net.
142.251.211.34,iad23s34-in-f2.1e100.net.
142.251.211.35,iad23s34-in-f3.1e100.net.
142.251.211.36,iad23s34-in-f4.1e100.net.
142.251.211.37,iad23s34-in-f5.1e100.net.
142.251.211.38,iad23s34-in-f6.1e100.net.
142.251.211.39,iad23s34-in-f7.1e100.net.
142.251.211.40,iad23s34-in-f8.1e100.net.
142.251.211.41,iad23s34-in-f9.1e100.net.
142.251.211.42,iad23s34-in-f10.1e100.net.
142.251.211.43,iad23s34-in-f11.1e100.net.
142.251.211.44,iad23s34-in-f12.1e100.net.
142.251.211.45,iad23s34-in-f13.1e100.net.
142.251.211.46,iad23s34-in-f14.1e100.net.
142.251.211.47,iad23s34-in-f15.1e100.net.
142.251.211.48,iad23s34-in-f16.1e100.net.
142.251.211.49,iad23s34-in-f17.1e100.net.
142.251.211.50,iad23s34-in-f18.1e100.net.
142.251.211.51,iad23s34-in-f19.1e100.net.
142.251.211.52,iad23s34-in-f20.1e100.net.
142.251.211.53,iad23s34-in-f21.1e100.net.
142.251.211.54,iad23s34-in-f22.1e100.net.
142.251.211.55,iad23s34-in-f23.1e100.net.
142.251.211.56,iad23s34-in-f24.1e100.net.
142.251.211.57,iad23s34-in-f25.1e100.net.
142.251.211.58,iad23s34-in-f26.1e100.net.
142.251.211.59,iad23s34-in-f27.1e100.net.
142.251.211.60,iad23s34-in-f28.1e100.net.
142.251.211.61,iad23s34-in-f29.1e100.net.
142.251.211.62,iad23s34-in-f30.1e100.net.
142.251.211.63,iad23s34-in-f31.1e100.net.
142.251.211.64,iad23s47-in-f0.1e100.net.
142.251.211.65,iad23s47-in-f1.1e100.net.
142.251.211.66,iad23s47-in-f2.1e100.net.
142.251.211.67,iad23s47-in-f3.1e100.net.
142.251.211.68,iad23s47-in-f4.1e100.net.
142.251.211.69,iad23s47-in-f5.1e100.net.
142.251.211.70,iad23s47-in-f6.1e100.net.
142.251.211.71,iad23s47-in-f7.1e100.net.
142.251.211.72,iad23s47-in-f8.1e100.net.
142.251.211.73,iad23s47-in-f9.1e100.net.
142.251.211.74,iad23s47-in-f10.1e100.net.
142.251.211.75,iad23s47-in-f11.1e100.net.
142.251.211.76,iad23s47-in-f12.1e100.net.
142.251.211.77,iad23s47-in-f13.1e100.net.
142.251.211.78,iad23s47-in-f14.1e100.net.
142.251.211.79,iad23s47-in-f15.1e100.net.
142.251.211.80,iad23s47-in-f16.1e100.net.
142.251.211.81,iad23s47-in-f17.1e100.net.
142.251.211.82,iad23s47-in-f18.1e100.net.
142.251.211.83,iad23s47-in-f19.1e100.net.
142.251.211.84,iad23s47-in-f20.1e100.net.
142.251.211.85,iad23s47-in-f21.1e100.net.
142.251.211.86,iad23s47-in-f22.1e100.net.
142.251.211.87,iad23s47-in-f23.1e100.net.
142.251.211.88,iad23s47-in-f24.1e100.net.
142.251.211.89,iad23s47-in-f25.1e100.net.
142.251.211.90,iad23s47-in-f26.1e100.net.
142.251.211.91,iad23s47-in-f27.1e100.net.
142.251.211.92,iad23s47-in-f28.1e100.net.
142.251.211.93,iad23s47-in-f29.1e100.net.
142.251.211.94,iad23s47-in-f30.1e100.net.
142.251.211.95,iad23s47-in-f31.1e100.net.
142.251.211.96,iad23s48-in-f0.1e100.net.
142.251.211.97,iad23s48-in-f1.1e100.net.
142.251.211.98,iad23s48-in-f2.1e100.net.
142.251.211.99,iad23s48-in-f3.1e100.net.
142.251.211.100,iad23s48-in-f4.1e100.net.
142.251.211.101,iad23s48-in-f5.1e100.net.
142.251.211.102,iad23s48-in-f6.1e100.net.
142.251.211.103,iad23s48-in-f7.1e100.net.
142.251.211.104,iad23s48-in-f8.1e100.net.
142.251.211.105,iad23s48-in-f9.1e100.net.
142.251.211.106,iad23s48-in-f10.1e100.net.
142.251.211.107,iad23s48-in-f11.1e100.net.
142.251.211.108,iad23s48-in-f12.1e100.net.
142.251.211.109,iad23s48-in-f13.1e100.net.
142.251.211.110,iad23s48-in-f14.1e100.net.
142.251.211.111,iad23s48-in-f15.1e100.net.
142.251.211.112,iad23s48-in-f16.1e100.net.
142.251.211.113,iad23s48-in-f17.1e100.net.
142.251.211.114,iad23s48-in-f18.1e100.net.
142.251.211.115,iad23s48-in-f19.1e100.net.
142.251.211.116,iad23s48-in-f20.1e100.net.
142.251.211.117,iad23s48-in-f21.1e100.net.
142.251.211.118,iad23s48-in-f22.1e100.net.
142.251.211.119,iad23s48-in-f23.1e100.net.
142.251.211.120,iad23s48-in-f24.1e100.net.
142.251.211.121,iad23s48-in-f25.1e100.net.
142.251.211.122,iad23s48-in-f26.1e100.net.
142.251.211.123,iad23s48-in-f27.1e100.net.
142.251.211.124,iad23s48-in-f28.1e100.net.
142.251.211.125,iad23s48-in-f29.1e100.net.
142.251.211.126,iad23s48-in-f30.1e100.net.
142.251.211.127,iad23s48-in-f31.1e100.net.
142.251.211.128,iad23s49-in-f0.1e100.net.
142.251.211.129,iad23s49-in-f1.1e100.net.
142.251.211.130,iad23s49-in-f2.1e100.net.
142.251.211.131,iad23s49-in-f3.1e100.net.
142.251.211.132,iad23s49-in-f4.1e100.net.
142.251.211.133,iad23s49-in-f5.1e100.net.
142.251.211.134,iad23s49-in-f6.1e100.net.
142.251.211.135,iad23s49-in-f7.1e100.net.
142.251.211.136,iad23s49-in-f8.1e100.net.
142.251.211.137,iad23s49-in-f9.1e100.net.
142.251.211.138,iad23s49-in-f10.1e100.net.
142.251.211.139,iad23s49-in-f11.1e100.net.
142.251.211.140,iad23s49-in-f12.1e100.net.
142.251.211.141,iad23s49-in-f13.1e100.net.
142.251.211.142,iad23s49-in-f14.1e100.net.
142.251.211.143,iad23s49-in-f15.1e100.net.
142.251.211.144,iad23s49-in-f16.1e100.net.
142.251.211.145,iad23s49-in-f17.1e100.net.
142.251.211.146,iad23s49-in-f18.1e100.net.
142.251.211.147,iad23s49-in-f19.1e100.net.
142.251.211.148,iad23s49-in-f20.1e100.net.
142.251.211.149,iad23s49-in-f21.1e100.net.
142.251.211.150,iad23s49-in-f22.1e100.net.
142.251.211.151,iad23s49-in-f23.1e100.net.
142.251.211.152,iad23s49-in-f24.1e100.net.
142.251.211.153,iad23s49-in-f25.1e100.net.
142.251.211.154,iad23s49-in-f26.1e100.net.
142.251.211.155,iad23s49-in-f27.1e100.net.
142.251.211.156,iad23s49-in-f28.1e100.net.
142.251.211.157,iad23s49-in-f29.1e100.net.
142.251.211.158,iad23s49-in-f30.1e100.net.
142.251.211.159,iad23s49-in-f31.1e100.net.
142.251.211.160,iad23s50-in-f0.1e100.net.
142.251.211.161,iad23s50-in-f1.1e100.net.
142.251.211.162,iad23s50-in-f2.1e100.net.
142.251.211.163,iad23s50-in-f3.1e100.net.
142.251.211.164,iad23s50-in-f4.1e100.net.
142.251.211.165,iad23s50-in-f5.1e100.net.
142.251.211.166,iad23s50-in-f6.1e100.net.
142.251.211.167,iad23s50-in-f7.1e100.net.
142.251.211.168,iad23s50-in-f8.1e100.net.
142.251.211.169,iad23s50-in-f9.1e100.net.
142.251.211.170,iad23s50-in-f10.1e100.net.
142.251.211.171,iad23s50-in-f11.1e100.net.
142.251.211.172,iad23s50-in-f12.1e100.net.
142.251.211.173,iad23s50-in-f13.1e100.net.
142.251.211.174,iad23s50-in-f14.1e100.net.
142.251.211.175,iad23s50-in-f15.1e100.net.
142.251.211.176,iad23s50-in-f16.1e100.net.
142.251.211.177,iad23s50-in-f17.1e100.net.
142.251.211.178,iad23s50-in-f18.1e100.net.
142.251.211.179,iad23s50-in-f19.1e100.net.
142.251.211.180,iad23s50-in-f20.1e100.net.
142.251.211.181,iad23s50-in-f21.1e100.net.
142.251.211.182,iad23s50-in-f22.1e100.net.
142.251.211.183,iad23s50-in-f23.1e100.net.
142.251.211.184,iad23s50-in-f24.1e100.net.
142.251.211.185,iad23s50-in-f25.1e100.net.
142.251.211.186,iad23s50-in-f26.1e100.net.
142.251.211.187,iad23s50-in-f27.1e100.net.
142.251.211.188,iad23s50-in-f28.1e100.net.
142.251.211.189,iad23s50-in-f29.1e100.net.
142.251.211.190,iad23s50-in-f30.1e100.net.
142.251.211.191,iad23s50-in-f31.1e100.net.
142.251.211.192,iad23s51-in-f0.1e100.net.
142.251.211.193,iad23s51-in-f1.1e100.net.
142.251.211.194,iad23s51-in-f2.1e100.net.
142.251.211.195,iad23s51-in-f3.1e100.net.
142.251.211.196,iad23s51-in-f4.1e100.net.
142.251.211.197,iad23s51-in-f5.1e100.net.
142.251.211.198,iad23s51-in-f6.1e100.net.
142.251.211.199,iad23s51-in-f7.1e100.net.
142.251.211.200,iad23s51-in-f8.1e100.net.
142.251.211.201,iad23s51-in-f9.1e100.net.
142.251.211.202,iad23s51-in-f10.1e100.net.
142.251.211.203,iad23s51-in-f11.1e100.net.
142.251.211.204,iad23s51-in-f12.1e100.net.
142.251.211.205,iad23s51-in-f13.1e100.net.
142.251.211.206,iad23s51-in-f14.1e100.net.
142.251.211.207,iad23s51-in-f15.1e100.net.
142.251.211.208,iad23s51-in-f16.1e100.net.
142.251.211.209,iad23s51-in-f17.1e100.net.
142.251.211.210,iad23s51-in-f18.1e100.net.
142.251.211.211,iad23s51-in-f19.1e100.net.
142.251.211.212,iad23s51-in-f20.1e100.net.
142.251.211.213,iad23s51-in-f21.1e100.net.
142.251.211.214,iad23s51-in-f22.1e100.net.
142.251.211.215,iad23s51-in-f23.1e100.net.
142.251.211.216,iad23s51-in-f24.1e100.net.
142.251.211.217,iad23s51-in-f25.1e100.net.
142.251.211.218,iad23s51-in-f26.1e100.net.
142.251.211.219,iad23s51-in-f27.1e100.net.
142.251.211.220,iad23s51-in-f28.1e100.net.
142.251.211.221,iad23s51-in-f29.1e100.net.
142.251.211.222,iad23s51-in-f30.1e100.net.
142.251.211.223,iad23s51-in-f31.1e100.net.
142.251.211.224,sea30s13-in-f0.1e100.net.
142.251.211.225,sea30s13-in-f1.1e100.net.
142.251.211.226,sea30s13-in-f2.1e100.net.
142.251.211.227,sea30s13-in-f3.1e100.net.
142.251.211.228,sea30s13-in-f4.1e100.net.
142.251.211.229,sea30s13-in-f5.1e100.net.
142.251.211.230,sea30s13-in-f6.1e100.net.
142.251.211.231,sea30s13-in-f7.1e100.net.
142.251.211.232,sea30s13-in-f8.1e100.net.
142.251.211.233,sea30s13-in-f9.1e100.net.
142.251.211.234,sea30s13-in-f10.1e100.net.
142.251.211.235,sea30s13-in-f11.1e100.net.
142.251.211.236,sea30s13-in-f12.1e100.net.
142.251.211.237,sea30s13-in-f13.1e100.net.
142.251.211.238,sea30s13-in-f14.1e100.net.
142.251.211.239,sea30s13-in-f15.1e100.net.
142.251.211.240,sea30s13-in-f16.1e100.net.
142.251.211.241,sea30s13-in-f17.1e100.net.
142.251.211.242,sea30s13-in-f18.1e100.net.
142.251.211.243,sea30s13-in-f19.1e100.net.
142.251.211.244,sea30s13-in-f20.1e100.net.
142.251.211.245,sea30s13-in-f21.1e100.net.
142.251.211.246,sea30s13-in-f22.1e100.net.
142.251.211.247,sea30s13-in-f23.1e100.net.
142.251.211.248,sea30s13-in-f24.1e100.net.
142.251.211.249,sea30s13-in-f25.1e100.net.
142.251.211.250,sea30s13-in-f26.1e100.net.
142.251.211.251,sea30s13-in-f27.1e100.net.
142.251.211.252,sea30s13-in-f28.1e100.net.
142.251.211.253,sea30s13-in-f29.1e100.net.
142.251.211.254,sea30s13-in-f30.1e100.net.
142.251.211.255,sea30s13-in-f31.1e100.net.
142.251.214.128,sfo03s32-in-f0.1e100.net.
142.251.214.129,sfo03s32-in-f1.1e100.net.
142.251.214.130,sfo03s32-in-f2.1e100.net.
142.251.214.131,sfo03s32-in-f3.1e100.net.
142.251.214.132,sfo03s32-in-f4.1e100.net.
142.251.214.133,sfo03s32-in-f5.1e100.net.
142.251.214.134,sfo03s32-in-f6.1e100.net.
142.251.214.135,sfo03s32-in-f7.1e100.net.
142.251.214.136,sfo03s32-in-f8.1e100.net.
142.251.214.137,sfo03s32-in-f9.1e100.net.
142.251.214.138,sfo03s32-in-f10.1e100.net.
142.251.214.139,sfo03s32-in-f11.1e100.net.
142.251.214.140,sfo03s32-in-f12.1e100.net.
142.251.214.141,sfo03s32-in-f13.1e100.net.
142.251.214.142,sfo03s32-in-f14.1e100.net.
142.251.214.143,sfo03s32-in-f15.1e100.net.
142.251.214.144,sfo03s32-in-f16.1e100.net.
142.251.214.145,sfo03s32-in-f17.1e100.net.
142.251.214.146,sfo03s32-in-f18.1e100.net.
142.251.214.147,sfo03s32-in-f19.1e100.net.
142.251.214.148,sfo03s32-in-f20.1e100.net.
142.251.214.149,sfo03s32-in-f21.1e100.net.
142.251.214.150,sfo03s32-in-f22.1e100.net.
142.251.214.151,sfo03s32-in-f23.1e100.net.
142.251.214.152,sfo03s32-in-f24.1e100.net.
142.251.214.153,sfo03s32-in-f25.1e100.net.
142.251.214.154,sfo03s32-in-f26.1e100.net.
142.251.214.155,sfo03s32-in-f27.1e100.net.
142.251.214.156,sfo03s32-in-f28.1e100.net.
142.251.214.157,sfo03s32-in-f29.1e100.net.
142.251.214.158,sfo03s32-in-f30.1e100.net.
142.251.214.159,sfo03s32-in-f31.1e100.net.
142.251.215.224,sea09s35-in-f0.1e100.net.
142.251.215.225,sea09s35-in-f1.1e100.net.
142.251.215.226,sea09s35-in-f2.1e100.net.
142.251.215.227,sea09s35-in-f3.1e100.net.
142.251.215.228,sea09s35-in-f4.1e100.net.
142.251.215.229,sea09s35-in-f5.1e100.net.
142.251.215.230,sea09s35-in-f6.1e100.net.
142.251.215.231,sea09s35-in-f7.1e100.net.
142.251.215.232,sea09s35-in-f8.1e100.net.
142.251.215.233,sea09s35-in-f9.1e100.net.
142.251.215.234,sea09s35-in-f10.1e100.net.
142.251.215.235,sea09s35-in-f11.1e100.net.
142.251.215.236,sea09s35-in-f12.1e100.net.
142.251.215.237,sea09s35-in-f13.1e100.net.
142.251.215.238,sea09s35-in-f14.1e100.net.
142.251.215.239,sea09s35-in-f15.1e100.net.
142.251.215.240,sea09s35-in-f16.1e100.net.
142.251.215.241,sea09s35-in-f17.1e100.net.
142.251.215.242,sea09s35-in-f18.1e100.net.
142.251.215.243,sea09s35-in-f19.1e100.net.
142.251.215.244,sea09s35-in-f20.1e100.net.
142.251.215.245,sea09s35-in-f21.1e100.net.
142.251.215.246,sea09s35-in-f22.1e100.net.
142.251.215.247,sea09s35-in-f23.1e100.net.
142.251.215.248,sea09s35-in-f24.1e100.net.
142.251.215.249,sea09s35-in-f25.1e100.net.
142.251.215.250,sea09s35-in-f26.1e100.net.
142.251.215.251,sea09s35-in-f27.1e100.net.
142.251.215.252,sea09s35-in-f28.1e100.net.
142.251.215.253,sea09s35-in-f29.1e100.net.
142.251.215.254,sea09s35-in-f30.1e100.net.
142.251.215.255,sea09s35-in-f31.1e100.net.
